scenario	candidate	block	rep	base_elapsed_ms	candidate_elapsed_ms	base_over_candidate
one_small	bounded	1	0	20.681755	20.315651	1.0180207860432333
one_small	bounded	1	1	21.243721	19.263458	1.102798936722576
one_small	bounded	1	2	20.129006	19.510685	1.0316914039665956
one_small	bounded	1	3	19.715242	18.71812	1.0532704139090892
one_small	bounded	1	4	19.859892	18.619885	1.066595846322359
one_small	bounded	1	5	19.805849	29.169078	0.6790015440323482
one_small	bounded	2	0	18.823246	19.034396	0.9889069240757626
one_small	bounded	2	1	17.798787	17.73476	1.0036102546637224
one_small	bounded	2	2	18.327836	18.333119	0.9997118329947021
one_small	bounded	2	3	17.597729	18.604089	0.945906515497749
one_small	bounded	2	4	18.350741	19.087728	0.9613894854327346
one_small	bounded	2	5	17.618406	18.036319	0.9768293630202483
one_small	chunked	1	0	20.681755	20.66327	1.0008945825128355
one_small	chunked	1	1	21.243721	20.784791	1.0220800873099951
one_small	chunked	1	2	20.129006	20.214308	0.9957801177265133
one_small	chunked	1	3	19.715242	21.168624	0.9313426323789397
one_small	chunked	1	4	19.859892	21.093468	0.9415185781683695
one_small	chunked	1	5	19.805849	19.429256	1.0193827802773303
one_small	chunked	2	0	18.823246	17.652618	1.0663146962110663
one_small	chunked	2	1	17.798787	17.160838	1.037174699743684
one_small	chunked	2	2	18.327836	18.404964	0.9958093914228792
one_small	chunked	2	3	17.597729	18.196791	0.9670787008544528
one_small	chunked	2	4	18.350741	16.303675	1.1255585627166882
one_small	chunked	2	5	17.618406	16.37679	1.0758155902347164
one_large	bounded	1	0	68.421695	28.875021	2.369580787491029
one_large	bounded	1	1	68.960551	29.852453	2.310046380443175
one_large	bounded	1	2	67.961275	28.839769	2.3565124602766407
one_large	bounded	1	3	67.304528	27.806727	2.4204404926908514
one_large	bounded	1	4	67.257599	28.140954	2.3900255478190258
one_large	bounded	1	5	67.524993	29.394415	2.297204860174969
one_large	bounded	2	0	74.328451	27.150589	2.7376367783402413
one_large	bounded	2	1	72.624138	28.735604	2.5273224811978894
one_large	bounded	2	2	71.302527	26.656313	2.6748833193847927
one_large	bounded	2	3	74.193372	26.295188	2.8215570088337074
one_large	bounded	2	4	71.094284	27.767235	2.560365985306063
one_large	bounded	2	5	72.057534	27.542254	2.616254065480625
one_large	chunked	1	0	68.421695	26.588884	2.573319549628333
one_large	chunked	1	1	68.960551	26.398739	2.612266858655635
one_large	chunked	1	2	67.961275	26.599183	2.5550136257944462
one_large	chunked	1	3	67.304528	24.993829	2.692845822062718
one_large	chunked	1	4	67.257599	25.656352	2.6214794293436574
one_large	chunked	1	5	67.524993	25.769584	2.620336944515674
one_large	chunked	2	0	74.328451	26.756173	2.777992615012618
one_large	chunked	2	1	72.624138	27.098464	2.6800093909381726
one_large	chunked	2	2	71.302527	24.600444	2.8984243942914203
one_large	chunked	2	3	74.193372	25.423338	2.918317492376493
one_large	chunked	2	4	71.094284	25.875976	2.747501543516658
one_large	chunked	2	5	72.057534	24.935671	2.889737115957297
four_small	bounded	1	0	36.03059	38.957231	0.9248755385104244
four_small	bounded	1	1	37.776844	41.896633	0.9016677784107376
four_small	bounded	1	2	36.335264	37.954919	0.9573268750751385
four_small	bounded	1	3	35.973393	37.624442	0.9561176482032611
four_small	bounded	1	4	37.235543	37.712509	0.9873525784243101
four_small	bounded	1	5	35.49755	38.122161	0.9311526175024548
four_small	bounded	2	0	38.661888	34.976595	1.1053645444903941
four_small	bounded	2	1	37.447176	37.089743	1.0096369769938822
four_small	bounded	2	2	37.041879	35.402475	1.0463076098493114
four_small	bounded	2	3	36.203119	35.020119	1.033780581956332
four_small	bounded	2	4	36.048173	35.991655	1.0015703084506673
four_small	bounded	2	5	37.134168	33.685252	1.1023865280865348
four_small	chunked	1	0	36.03059	36.960691	0.9748354001282065
four_small	chunked	1	1	37.776844	39.025086	0.9680143690138184
four_small	chunked	1	2	36.335264	37.64641	0.9651720841376376
four_small	chunked	1	3	35.973393	37.000261	0.9722470065819265
four_small	chunked	1	4	37.235543	41.470405	0.8978823090828266
four_small	chunked	1	5	35.49755	38.433617	0.9236067997451294
four_small	chunked	2	0	38.661888	41.945541	0.9217162796875119
four_small	chunked	2	1	37.447176	42.026175	0.89104411714842
four_small	chunked	2	2	37.041879	38.671668	0.9578557356253679
four_small	chunked	2	3	36.203119	38.088006	0.9505123213853726
four_small	chunked	2	4	36.048173	38.794786	0.9292014911488363
four_small	chunked	2	5	37.134168	38.49035	0.9647656620425639
