revision	block	scenario	file_count	partitions_per_file	total_partitions	partition_index_bytes	trie_bytes	construction_s	logical_input_sha256
base	1	one_small	1	1200000	1200000	9827893	9827849	4.209752813	6f676581cfac34eb3f3f42615278997ceb08154fc6ca18622708363bd7fba432
base	1	one_large	1	4800000	4800000	44612408	44612364	11.321879662	0f0ba868878e94d7c5a508f7ec3b547769953f3e75d4fdd85a83513950fb6e1f
base	1	four_small	4	1200000	4800000	39312343	39312167	10.921178222	0f0ba868878e94d7c5a508f7ec3b547769953f3e75d4fdd85a83513950fb6e1f
base	2	one_small	1	1200000	1200000	9827893	9827849	4.205261604	6f676581cfac34eb3f3f42615278997ceb08154fc6ca18622708363bd7fba432
base	2	one_large	1	4800000	4800000	44612408	44612364	11.752421391	0f0ba868878e94d7c5a508f7ec3b547769953f3e75d4fdd85a83513950fb6e1f
base	2	four_small	4	1200000	4800000	39312343	39312167	11.247960205	0f0ba868878e94d7c5a508f7ec3b547769953f3e75d4fdd85a83513950fb6e1f
bounded	1	one_small	1	1200000	1200000	9827893	9827849	4.17661511	6f676581cfac34eb3f3f42615278997ceb08154fc6ca18622708363bd7fba432
bounded	1	one_large	1	4800000	4800000	44612408	44612364	11.632055332	0f0ba868878e94d7c5a508f7ec3b547769953f3e75d4fdd85a83513950fb6e1f
bounded	1	four_small	4	1200000	4800000	39312343	39312167	10.549841189	0f0ba868878e94d7c5a508f7ec3b547769953f3e75d4fdd85a83513950fb6e1f
bounded	2	one_small	1	1200000	1200000	9827893	9827849	4.153064374	6f676581cfac34eb3f3f42615278997ceb08154fc6ca18622708363bd7fba432
bounded	2	one_large	1	4800000	4800000	44612408	44612364	10.91173221	0f0ba868878e94d7c5a508f7ec3b547769953f3e75d4fdd85a83513950fb6e1f
bounded	2	four_small	4	1200000	4800000	39312343	39312167	10.678546927	0f0ba868878e94d7c5a508f7ec3b547769953f3e75d4fdd85a83513950fb6e1f
chunked	1	one_small	1	1200000	1200000	9827893	9827849	4.368687064	6f676581cfac34eb3f3f42615278997ceb08154fc6ca18622708363bd7fba432
chunked	1	one_large	1	4800000	4800000	44612408	44612364	11.813724982	0f0ba868878e94d7c5a508f7ec3b547769953f3e75d4fdd85a83513950fb6e1f
chunked	1	four_small	4	1200000	4800000	39312343	39312167	10.564811429	0f0ba868878e94d7c5a508f7ec3b547769953f3e75d4fdd85a83513950fb6e1f
chunked	2	one_small	1	1200000	1200000	9827893	9827849	3.9003447	6f676581cfac34eb3f3f42615278997ceb08154fc6ca18622708363bd7fba432
chunked	2	one_large	1	4800000	4800000	44612408	44612364	10.121591753	0f0ba868878e94d7c5a508f7ec3b547769953f3e75d4fdd85a83513950fb6e1f
chunked	2	four_small	4	1200000	4800000	39312343	39312167	9.590940803	0f0ba868878e94d7c5a508f7ec3b547769953f3e75d4fdd85a83513950fb6e1f
