distractor_tables,pairs,median_symmetric_effect_pct,median_runtime_ratio,bootstrap95_low_ratio,bootstrap95_high_ratio,pairs_above_illustrative_2x,illustrative_median_signal,pair_runtime_ratios,source_batch
0,10,5.986026709081678,1.0617071709583081,1.0579161586343946,1.07391138605283,0,False,1.06129727449;1.07072342194;1.06211723048;1.05879191744;1.07354544978;1.05704114456;1.0771091813;1.07802334864;1.0528996596;1.05816419001,B001
10,10,7.0329222357020225,1.0728924572749396,1.0671782741307398,1.0770313610278328,0,False,1.06164149524;1.07609574383;1.07302219052;1.07276274027;1.06458739183;1.06717827413;1.07703136103;1.07118685502;1.07755645502;1.08119661967,B002
50,10,11.577858927925707,1.1228927647467608,1.116539308768788,1.1299761491079559,0,False,1.1203972024;1.12833426445;1.12997614911;1.13004861038;1.117768724;1.1079899308;1.1247400866;1.13024699134;1.12104865235;1.1126954279,B002
100,10,17.292355167860272,1.1892898918788801,1.1842885328762018,1.1964869002824314,0,False,1.1844467091;1.20210138587;1.18393929166;1.17824945085;1.18463788581;1.1911905952;1.21814940838;1.19172540148;1.19090097131;1.18768118012,B002
250,10,32.368159332923064,1.3861815178323722,1.3778322532167049,1.389846793697235,0,False,1.37783225322;1.38786106588;1.36822480853;1.38470913681;1.38765571815;1.45753553553;1.38191680084;1.3898467937;1.37716015677;1.39097311991,B002
500,10,52.153123376186414,1.7055018620229159,1.6898220507544184,1.7254666099838964,0,False,1.67268697923;1.70977130537;1.78321093069;1.68982205075;1.72301257568;1.71471814449;1.73630052726;1.68655011809;1.70124585116;1.69864241701,B002
1000,10,80.75295407491777,2.3543807890327337,2.338247693623416,2.3800301570214315,10,True,2.38003015702;2.34736857222;2.35565385477;2.35650090168;2.35310868888;2.39810926127;2.32917638493;2.34715737967;2.50048879619;2.32584098282,B002
2000,10,112.73235295638743,3.5836001490918785,3.5620382830966557,3.645741876437027,10,True,3.70263638556;3.58297335702;3.74102403135;3.59020757916;3.58422711263;3.5620382831;3.57145578822;3.52686884327;3.60461483852;3.55631102716,B002
4000,10,143.41020481244354,6.068412222986027,6.043911695471852,6.1004571240376375,10,True,6.02358680247;6.06435456244;6.07120477448;5.90112721963;6.1478939452;6.07407280173;6.10045712404;6.06562187628;6.05145433381;6.11721896245,B001
