role,sstables,cache_entries,generation_comparisons,map_builds,map_insertions,map_lookups,deserialize_calls,saved_cache_entries,loaded_cache_entries,selected_rank,logical_digest,canonical_order_preserved,work_model_matches
parent,8,2,16,0,0,0,2,2,2,8,d0f91a13c9d8962672b6b3ec9046b80bb4aca6121b29940e84f61990e9eafe43,true,true
parent,8,4,32,0,0,0,4,4,4,8,00a7eba8f4589cbcfd7af1f593204d85bcbb8d25b6c0499725469f5fe6e683a6,true,true
parent,8,8,64,0,0,0,8,8,8,8,80782084dc13ae60279245d39fb5bf3e16b946de4bb80a93b33ea0bb72170dad,true,true
parent,16,2,32,0,0,0,2,2,2,16,d0f91a13c9d8962672b6b3ec9046b80bb4aca6121b29940e84f61990e9eafe43,true,true
parent,16,4,64,0,0,0,4,4,4,16,00a7eba8f4589cbcfd7af1f593204d85bcbb8d25b6c0499725469f5fe6e683a6,true,true
parent,16,8,128,0,0,0,8,8,8,16,80782084dc13ae60279245d39fb5bf3e16b946de4bb80a93b33ea0bb72170dad,true,true
parent,32,2,64,0,0,0,2,2,2,32,d0f91a13c9d8962672b6b3ec9046b80bb4aca6121b29940e84f61990e9eafe43,true,true
parent,32,4,128,0,0,0,4,4,4,32,00a7eba8f4589cbcfd7af1f593204d85bcbb8d25b6c0499725469f5fe6e683a6,true,true
parent,32,8,256,0,0,0,8,8,8,32,80782084dc13ae60279245d39fb5bf3e16b946de4bb80a93b33ea0bb72170dad,true,true
child,8,2,0,1,8,2,2,2,2,8,d0f91a13c9d8962672b6b3ec9046b80bb4aca6121b29940e84f61990e9eafe43,true,true
child,8,4,0,1,8,4,4,4,4,8,00a7eba8f4589cbcfd7af1f593204d85bcbb8d25b6c0499725469f5fe6e683a6,true,true
child,8,8,0,1,8,8,8,8,8,8,80782084dc13ae60279245d39fb5bf3e16b946de4bb80a93b33ea0bb72170dad,true,true
child,16,2,0,1,16,2,2,2,2,16,d0f91a13c9d8962672b6b3ec9046b80bb4aca6121b29940e84f61990e9eafe43,true,true
child,16,4,0,1,16,4,4,4,4,16,00a7eba8f4589cbcfd7af1f593204d85bcbb8d25b6c0499725469f5fe6e683a6,true,true
child,16,8,0,1,16,8,8,8,8,16,80782084dc13ae60279245d39fb5bf3e16b946de4bb80a93b33ea0bb72170dad,true,true
child,32,2,0,1,32,2,2,2,2,32,d0f91a13c9d8962672b6b3ec9046b80bb4aca6121b29940e84f61990e9eafe43,true,true
child,32,4,0,1,32,4,4,4,4,32,00a7eba8f4589cbcfd7af1f593204d85bcbb8d25b6c0499725469f5fe6e683a6,true,true
child,32,8,0,1,32,8,8,8,8,32,80782084dc13ae60279245d39fb5bf3e16b946de4bb80a93b33ea0bb72170dad,true,true
